,precision,recall,f1-score,support
category_0,1.0,1.0,1.0,115.0
category_1,0.9753086419753086,0.9753086419753086,0.9753086419753086,81.0
category_2,0.9874213836477987,0.9874213836477987,0.9874213836477987,159.0
accuracy,0.9887323943661972,0.9887323943661972,0.9887323943661972,0.9887323943661972
macro avg,0.9875766752077024,0.9875766752077024,0.9875766752077024,355.0
weighted avg,0.9887323943661972,0.9887323943661972,0.9887323943661972,355.0
